model,dropped,mae,change
xgboost,none,28.759805880953532,0.0
xgboost,heart rate,29.122451467430142,0.36264558647661005
xgboost,temperature,28.852966079492447,0.09316019853891433
xgboost,steps,28.74169026137982,-0.018115619573713104
xgboost,sleep,29.130016782689356,0.37021090173582394
xgboost,all vitals,29.662135476054335,0.9023295951008024
catboost,none,28.86819402834436,0.0
catboost,heart rate,29.277853841055546,0.4096598127111868
catboost,temperature,29.013635099342977,0.14544107099861847
catboost,steps,28.94007525398841,0.0718812256440522
catboost,sleep,29.28373091260157,0.4155368842572109
catboost,all vitals,29.808506337605852,0.9403123092614933
rnn,none,27.240265369620058,0.0
rnn,heart rate,28.612535569149284,1.3722701995292255
rnn,temperature,27.24250124808619,0.002235878466130714
rnn,steps,27.080432091910076,-0.159833277709982
rnn,sleep,27.417136650709157,0.1768712810890989
rnn,all vitals,29.569195160644494,2.3289297910244358
lstm,none,26.803798022997885,0.0
lstm,heart rate,28.580422365260482,1.776624342262597
lstm,temperature,27.01823353597497,0.21443551297708652
lstm,steps,26.92198811472864,0.11819009173075656
lstm,sleep,27.358792685213082,0.5549946622151971
lstm,all vitals,29.4532016311527,2.6494036081548167
gast,none,27.26363991924339,0.0
gast,heart rate,28.756696307660526,1.4930563884171377
gast,temperature,27.33721186185213,0.07357194260874067
gast,steps,27.35809078711083,0.09445086786744028
gast,sleep,27.87028084587563,0.6066409266322417
gast,all vitals,29.51254566348581,2.248905744242421
pinode,none,30.148256814140915,0.0
pinode,heart rate,30.53004517730826,0.3817883631673453
pinode,temperature,30.149672693565794,0.0014158794248793072
pinode,steps,30.101846609241242,-0.04641020489967218
pinode,sleep,30.261747046758263,0.11349023261734814
pinode,all vitals,30.819492232948914,0.6712354188079992
