patient,minutes,days,hr,hrv,temp,spo2,steps,sleep
c001,142782,100,82161,6680,9059,20,2672,31431
c002,26088,19,22,0,251,10,0,1893
c003,145803,102,75782,8105,9645,66,2693,25122
c004,180856,126,94609,9118,11427,22,4141,37435
c005,175077,122,51638,5428,10408,73,2784,25342
c006,303517,211,109137,8271,7592,5,3436,36647
c007,174469,122,66816,3881,5802,88,1345,50160
c008,208711,145,16871,3848,7736,181,1754,38159
c009,75738,53,7631,854,3833,4,1398,11510
c010,151422,106,31993,2192,5869,22,2061,37736
c011,297089,207,55883,1289,5121,26,2623,14646
c012,172839,121,37547,1876,4792,30,1895,31704
c013,172109,120,109058,5900,7115,23,2362,43656
c014,172722,120,50673,6343,9326,194,1961,43351
c015,97420,68,6640,26,7193,101,2352,17052
c016,162552,113,51474,5020,7741,137,2597,46980
c017,171871,120,58851,4636,8021,32,1486,17019
c018,35287,25,20295,2070,2998,6,1267,4841
c019,70782,50,0,0,3307,0,1926,9479
c020,62358,44,33298,3290,3845,42,2630,16283
c021,120811,84,34486,1897,5943,51,2018,24600
c022,384518,268,1851,192,2790,0,1154,10401
c023,110404,77,49456,2964,6584,57,1701,28310
c024,151046,105,80118,5234,5120,8,954,41556
c025,152365,106,13770,4214,9013,170,1762,36464
c026,471662,328,10697,506,3850,22,1603,26322
c027,8830,7,7432,666,585,2,264,2057
c028,190133,133,19697,1557,5567,68,1222,34559
c029,244570,170,20263,271,2947,3,1511,10138
c030,306317,213,77494,5627,6659,22,896,35306
c031,465854,324,224,0,378,93,0,20728
c032,472135,328,168,0,631,60,0,9923
c033,354204,246,202,0,257,60,0,10971
