section,columns,pct
Age and sex,2,98.78048780487805
Current symptoms,17,93.54375896700144
Disease history,7,85.01742160278745
Etiotype,1,100.0
"GOLD group, smoking, exposures, comorbidity",21,95.00580720092915
Physical examination,18,99.59349593495934
Chest examination,15,100.0
Treatment,32,38.49085365853659
Blood count,4,59.14634146341464
Liver tests,7,56.794425087108024
Kidney tests,4,60.36585365853659
Lipids,3,44.71544715447155
Thyroid,4,34.756097560975604
Blood sugar,2,45.12195121951219
IgE and other tests,8,2.4390243902439024
"Imaging (X-ray, CT, ECG, echo)",16,96.95121951219512
Six-minute walk test,8,97.5609756097561
"Spirometry, before bronchodilator",11,91.35254988913526
"Spirometry, after bronchodilator",11,49.00221729490022
Oscillometry,17,75.32281205164992
Diagnosis and watch details,5,96.58536585365853
CAT score,1,97.5609756097561
BODE score,1,100.0
