patient,date,hrv_day0,hrv_usual,steps_day0,steps_usual,sleep_day0,sleep_usual
c001,2026-06-19,53.0,66.0,71.0,52.0,4.416666666666667,5.616666666666666
c001,2026-06-29,78.5,66.0,101.5,52.0,4.4,5.616666666666666
c001,2026-06-30,54.0,66.0,49.0,52.0,4.45,5.616666666666666
c002,2026-06-11,,,,,,1.6
c007,2026-06-14,77.0,52.0,136.0,82.0,9.033333333333333,8.933333333333334
c007,2026-06-19,78.0,52.0,278.0,82.0,8.933333333333334,8.933333333333334
c008,2026-06-11,40.0,49.0,41.0,40.0,9.2,8.225
c008,2026-06-18,63.5,49.0,39.0,40.0,8.233333333333333,8.225
c009,2026-06-25,,45.0,83.5,84.0,6.25,4.733333333333333
c010,2026-06-18,,42.0,73.0,36.0,6.8,6.9
c014,2026-06-11,92.0,52.0,23.0,33.0,7.133333333333334,6.425000000000001
c014,2026-06-15,73.0,52.0,43.5,33.0,8.166666666666666,6.425000000000001
c015,2026-07-09,,91.0,,146.0,,6.7
c023,2026-07-19,63.0,57.0,29.0,36.0,5.466666666666667,6.708333333333334
c025,2026-08-01,95.0,54.0,,85.0,7.15,6.216666666666667
c026,2026-07-16,,79.0,,106.0,4.3,4.833333333333333
c033,2026-08-16,,,,,,4.841666666666667
