feature_set,model,n_features,auc,auc_lo,auc_hi,bal_acc,sens,spec,f1,name,what,order
all,xgboost,44,0.6285,0.4965,0.7795833333333333,0.5441666666666667,0.2583333333333333,0.8300000000000001,0.2577619047619047,XGBoost,A widely used version of gradient boosting.,9
all,gaussian_nb,44,0.6224999999999999,0.5098333333333332,0.7101666666666667,0.5673333333333334,0.6566666666666666,0.4780000000000001,0.4519126984126984,Naive Bayes,"Looks at each input on its own, asks how typical the value is for yes and for no patients, and combines the answers.",3
all,random_forest,44,0.6056666666666667,0.4996666666666666,0.7886666666666666,0.5595000000000001,0.4349999999999999,0.6839999999999999,0.3762301587301587,Random forest,"Many decision trees, each built on a random part of the patients and inputs, voting together.",6
all,lda,44,0.605,0.4698333333333333,0.7571666666666668,0.5684999999999999,0.365,0.7720000000000001,0.3543571428571427,Linear discriminant analysis,Finds the weighted sum of the inputs that best separates the yes and no groups.,2
all,decision_tree,44,0.6020000000000001,0.4394166666666667,0.7324166666666666,0.5851666666666666,0.5283333333333333,0.6420000000000001,0.448,Decision tree,A chain of questions of the form 'is this value above a cut-off?' that ends in yes or no.,5
all,grad_boost,44,0.5853333333333333,0.4366666666666666,0.7283333333333333,0.5415,0.2949999999999999,0.788,0.2781904761904761,Gradient boosting,"Small decision trees added one after another, each correcting the mistakes of those before.",8
all,logreg_l2,44,0.5846666666666667,0.3938333333333333,0.7308333333333332,0.5588333333333334,0.4216666666666667,0.696,0.3789444444444444,Logistic regression,"Adds up the inputs, each with a weight, and turns the sum into a chance of yes.",0
all,knn,44,0.5525,0.4544166666666667,0.6554166666666666,0.5263333333333333,0.2166666666666667,0.8360000000000001,0.2238253968253968,Nearest neighbours,Gives a patient the answer most common among the most similar patients.,4
all,extra_trees,44,0.5061666666666664,0.39125,0.647,0.4848333333333333,0.2116666666666666,0.758,0.1974523809523809,Extra trees,"Like a random forest, but the cut-offs are chosen at random.",7
all,dummy,44,0.5,0.5,0.5,0.5,0.0,1.0,0.0,Always no (check),"Not a real method: always gives the most common answer, no. It scores exactly 0.5 and checks the scoring.",12
all,svm_linear,44,0.487,0.265,0.6775,0.4941666666666667,0.0683333333333333,0.92,0.073,"Support vector machine, straight",Draws the straight dividing line between yes and no that leaves the widest gap.,10
all,logreg_l1,44,0.4856666666666666,0.4,0.5835,0.4928333333333333,0.5816666666666667,0.4040000000000001,0.3723672438672439,"Logistic regression, sparse","The same, but it can set some weights to zero, dropping those inputs.",1
all,svm_rbf,44,0.4739999999999999,0.3011666666666666,0.6308333333333332,0.4993333333333334,0.0266666666666666,0.972,0.0285238095238095,"Support vector machine, curved","The same, but the dividing line can curve.",11
reduced,xgboost,27,0.6768333333333333,0.5087499999999999,0.8046666666666666,0.5923333333333334,0.3366666666666666,0.8480000000000001,0.3516666666666667,XGBoost,A widely used version of gradient boosting.,9
reduced,random_forest,27,0.6541666666666667,0.526,0.7568333333333334,0.6288333333333334,0.5016666666666667,0.756,0.4594047619047618,Random forest,"Many decision trees, each built on a random part of the patients and inputs, voting together.",6
reduced,gaussian_nb,27,0.6533333333333334,0.519,0.7501666666666666,0.5866666666666667,0.8233333333333333,0.35,0.5072301587301586,Naive Bayes,"Looks at each input on its own, asks how typical the value is for yes and for no patients, and combines the answers.",3
reduced,lda,27,0.6486666666666667,0.5155,0.7771666666666666,0.5960000000000001,0.38,0.812,0.3806666666666666,Linear discriminant analysis,Finds the weighted sum of the inputs that best separates the yes and no groups.,2
reduced,decision_tree,27,0.643,0.5361666666666667,0.7703333333333333,0.6295,0.585,0.6739999999999999,0.4908095238095238,Decision tree,A chain of questions of the form 'is this value above a cut-off?' that ends in yes or no.,5
reduced,grad_boost,27,0.6239999999999999,0.4926666666666667,0.7665833333333332,0.5695,0.335,0.804,0.3191904761904761,Gradient boosting,"Small decision trees added one after another, each correcting the mistakes of those before.",8
reduced,logreg_l2,27,0.5976666666666668,0.4481666666666667,0.7333333333333334,0.5815000000000001,0.4449999999999999,0.7180000000000001,0.4041984126984126,Logistic regression,"Adds up the inputs, each with a weight, and turns the sum into a chance of yes.",0
reduced,extra_trees,27,0.5773333333333333,0.4396666666666666,0.6968333333333333,0.5448333333333334,0.2916666666666667,0.798,0.2989761904761904,Extra trees,"Like a random forest, but the cut-offs are chosen at random.",7
reduced,knn,27,0.5459999999999999,0.4275833333333332,0.6721666666666665,0.5589999999999999,0.2599999999999999,0.8580000000000002,0.2983809523809524,Nearest neighbours,Gives a patient the answer most common among the most similar patients.,4
reduced,logreg_l1,27,0.5073333333333332,0.3793333333333333,0.6235,0.5193333333333333,0.6366666666666666,0.402,0.4075988455988456,"Logistic regression, sparse","The same, but it can set some weights to zero, dropping those inputs.",1
reduced,dummy,27,0.5,0.5,0.5,0.5,0.0,1.0,0.0,Always no (check),"Not a real method: always gives the most common answer, no. It scores exactly 0.5 and checks the scoring.",12
reduced,svm_linear,27,0.4600000000000001,0.2561666666666666,0.6035,0.5035,0.075,0.932,0.0896666666666666,"Support vector machine, straight",Draws the straight dividing line between yes and no that leaves the widest gap.,10
reduced,svm_rbf,27,0.4509999999999999,0.2564999999999999,0.5974999999999999,0.4966666666666667,0.0133333333333333,0.98,0.0183333333333333,"Support vector machine, curved","The same, but the dividing line can curve.",11
