patient,sleep,outside,n_sleep,n_outside,diff
c011,32.0,103.0,88,1201,-71.0
c017,41.0,93.0,282,4728,-52.0
c026,34.0,86.0,57,723,-52.0
c027,36.0,82.0,49,617,-46.0
c014,27.0,68.0,783,5872,-41.0
c013,35.0,75.0,743,5889,-40.0
c005,32.0,69.0,556,4872,-37.0
c004,51.0,87.0,758,8631,-36.0
c012,41.0,76.0,271,1699,-35.0
c016,32.0,65.0,573,4779,-33.0
c008,34.0,64.0,685,3163,-30.0
c025,34.0,64.0,719,3914,-30.0
c028,37.0,67.0,248,1415,-30.0
c001,44.0,72.0,787,5973,-28.0
c006,47.0,72.0,1090,7342,-25.0
c007,37.0,62.0,729,3152,-25.0
c021,33.0,54.0,235,1662,-21.0
c024,32.0,52.0,1046,4563,-20.0
c030,51.0,69.0,670,5929,-18.0
c010,31.0,46.0,254,1938,-15.0
c003,61.0,66.0,1456,6649,-5.0
c029,74.0,72.5,69,202,1.5
c009,47.5,44.0,140,714,3.5
c018,99.0,92.0,347,1723,7.0
c023,62.0,55.0,800,2164,7.0
c022,67.0,51.0,45,147,16.0
c020,121.0,92.0,962,2328,29.0
