patient,readings,days,coverage,median_gap,p90_gap,longest_gap_h
c001,6680,70,62.6641651031895,10.0,10.0,96.5
c002,0,0,,,,
c003,8105,99,55.73127965344152,10.0,20.0,55.166666666666664
c004,9118,114,50.48167423319676,10.0,10.0,196.08333333333334
c005,5428,94,31.010054844606948,10.0,30.0,542.8333333333334
c006,8271,100,46.30759755892727,10.0,10.0,539.8333333333334
c007,3881,70,22.247062195471482,10.0,10.0,573.1666666666666
c008,3848,59,34.30813124108417,10.0,30.0,467.1666666666667
c009,854,11,60.056258790436004,10.0,10.0,20.166666666666668
c010,2192,26,22.337715275654745,10.0,10.0,1024.1666666666667
c011,1289,12,79.59246681074406,10.0,10.0,18.166666666666668
c012,1876,25,10.903173311635475,10.0,10.0,1897.8333333333333
c013,5900,81,34.41437237517499,10.0,10.0,438.3333333333333
c014,6343,103,37.06322309220521,10.0,25.0,390.1666666666667
c015,26,6,0.382859667206597,10.0,9032.000000000004,553.3333333333334
c016,5020,72,30.99339383836513,10.0,20.0,533.5833333333334
c017,4636,88,27.907536720443055,10.0,20.0,400.0
c018,2070,25,59.31232091690544,10.0,10.0,38.583333333333336
c019,0,0,,,,
c020,3290,41,53.08163923846402,10.0,20.0,64.0
c021,1897,29,15.84001336005344,10.0,20.0,942.0
c022,192,3,71.91011235955057,10.0,10.0,2.5
c023,2964,40,45.07299270072993,10.0,20.0,177.5
c024,5234,75,34.874733475479744,10.0,10.0,502.8333333333333
c025,4214,85,27.67816091954023,10.0,40.0,401.1666666666667
c026,506,10,3.4614858393761114,10.0,10.0,2174.8333333333335
c027,666,7,78.58407079646018,10.0,10.0,3.5
c028,1557,38,10.704709522172568,10.0,40.0,773.8333333333334
c029,271,5,48.7410071942446,10.0,20.0,8.166666666666666
c030,5627,73,41.42068457857931,10.0,10.0,515.8333333333334
c031,0,0,,,,
c032,0,0,,,,
c033,0,0,,,,
