task,test,model,name,reference,usable,note,mae,rmse,mae_below_120,mae_120_up,n
impute,Random test,linear,Straight line (reference),True,True,,27.086771506645857,36.233832708359685,24.98891179899692,34.1531321690402,12677
impute,Random test,xgboost,XGBoost,False,True,,26.302645633534077,32.7321464774183,20.53417235752986,45.73297860146696,12677
impute,Random test,catboost,CatBoost,False,True,,26.378359598248515,32.62926559599678,20.524777491641647,46.09537031226716,12677
impute,Random test,rnn,RNN,False,True,,26.32043745782649,33.05645106209957,20.990316480290463,44.27423916541253,12677
impute,Random test,lstm,LSTM,False,True,,26.42845305948063,33.75830712574098,21.602052301794984,42.68554038076844,12677
impute,Random test,hmm,Hidden Markov model,False,True,,32.20357099251976,37.47794600414032,24.17308029049469,59.253208005715855,12677
impute,Random test,nlssm,Nonlinear state-space model,False,True,,26.96486584634842,32.88902584091446,23.89959500785993,37.28982189260105,12677
impute,Random test,rsdpf,RS-DPF,False,True,,28.27121067166849,33.87745642862397,21.449398977616934,51.24957363147347,12677
impute,Random test,pf,Particle filter and smoother,False,True,,27.99115800840893,33.01570301263622,24.4378334904596,39.96005778888953,12677
impute,Random test,gru_ode_bayes,GRU-ODE-Bayes,False,True,,28.34839641137165,34.1263502080794,21.232405594654377,52.31766251523496,12677
impute,Random test,cd_gamma_dglm,CD-Gamma-DGLM,False,True,,29.01441224706874,33.73611475560894,25.09364347301888,42.22099900321531,12677
impute,Random test,ossa,OSSA,False,True,,29.04896178996059,35.35996618531343,22.774480016094728,50.18371690351636,12677
impute,Random test,pinode,Physiology-informed neural ODE,False,True,,28.15683826597104,33.91430427722362,21.27704615476651,51.330500528901496,12677
impute,Random test,gast,Gap-aware state-space transformer (our design),False,True,,26.32658415019633,32.436552305833885,20.38860597487158,46.3278717669432,12677
impute,Random test,timesfm3,TimesFM 3,False,True,,26.473495485403028,34.1141037439174,23.247605305085663,37.33947636500407,12677
impute,Block test,linear,Straight line (reference),True,True,,30.93988358899202,40.29447538882285,28.132080141610707,40.2459005205497,13478
impute,Block test,xgboost,XGBoost,False,True,,28.865138690360595,34.432981434093804,23.07564180510737,48.05350320697771,13478
impute,Block test,catboost,CatBoost,False,True,,28.85317264085648,34.33409780565826,22.66733310440899,49.35515169347405,13478
impute,Block test,rnn,RNN,False,True,,28.00382517518033,34.15973971127736,23.06677296511828,44.36689770494427,13478
impute,Block test,lstm,LSTM,False,True,,27.695605889823543,35.09493972212442,22.964274760883,43.37684869041586,13478
impute,Block test,hmm,Hidden Markov model,False,True,,32.4489632967315,37.67149310693534,24.39082058028882,59.15639277369933,13478
impute,Block test,nlssm,Nonlinear state-space model,False,True,,29.454129657083268,35.37603701198891,25.827849964541308,41.472855629099726,13478
impute,Block test,rsdpf,RS-DPF,False,True,,30.446544262445656,35.72665249834328,23.09280668437331,54.81933519822064,13478
impute,Block test,pf,Particle filter and smoother,False,True,,30.62134049223675,35.37056710699368,26.69613190053258,43.63081864796817,13478
impute,Block test,gru_ode_bayes,GRU-ODE-Bayes,False,True,,30.03592438228418,36.01234504138947,22.22531355684906,55.922948865816586,13478
impute,Block test,cd_gamma_dglm,CD-Gamma-DGLM,False,True,,30.54585921663553,35.53112341830966,26.480398602303527,44.02018034365015,13478
impute,Block test,ossa,OSSA,False,True,,30.638001177347164,37.25659315854395,24.427159052799645,51.22284732253444,13478
impute,Block test,pinode,Physiology-informed neural ODE,False,True,,30.21082812000901,35.54897679242975,23.38793374689992,52.82422387518554,13478
impute,Block test,gast,Gap-aware state-space transformer (our design),False,True,,27.9469611429133,34.13181571329033,22.61649469095533,45.613942462878974,13478
impute,Block test,timesfm3,TimesFM 3,False,True,,29.70125018174355,37.27836323073109,25.29843476851439,44.293680011633015,13478
forecast,Every 10 minutes,last_value,Last reading (reference),False,True,,41.070205221065336,52.605416846035865,37.29504068190624,54.372184300341296,13254
forecast,Every 10 minutes,patient_median,Patient's median (reference),True,True,,31.521917911573865,37.642659832878415,24.9551530414568,54.66023890784983,13254
forecast,Every 10 minutes,xgboost,XGBoost,False,True,,30.285206790610392,36.30334668707763,22.63238486923742,57.250303553837206,13254
forecast,Every 10 minutes,catboost,CatBoost,False,True,,30.375892932325907,36.31823132414454,22.636063381007126,57.64756538550512,13254
forecast,Every 10 minutes,rnn,RNN,False,True,,30.721973161993574,36.121162116102994,23.542695650790083,56.01851276119661,13254
forecast,Every 10 minutes,lstm,LSTM,False,True,,30.542874424873503,36.12601328086252,23.35931295360664,55.85450876936471,13254
forecast,Every 10 minutes,hmm,Hidden Markov model,False,True,,31.93730767575855,37.05075766304041,24.29221890314491,58.87515630663338,13254
forecast,Every 10 minutes,nlssm,Nonlinear state-space model,False,True,,32.806793792946564,39.12691438215735,26.8184942875288,53.90686344957899,13254
forecast,Every 10 minutes,rsdpf,RS-DPF,False,True,,30.92461312505225,36.90259551968276,22.96703447415776,58.96353530656584,13254
forecast,Every 10 minutes,pf,Particle filter and smoother,False,True,,31.237513672559803,36.16390750292098,26.81153093167727,46.83268289333496,13254
forecast,Every 10 minutes,gru_ode_bayes,GRU-ODE-Bayes,False,True,,31.51871865029685,38.886581790107215,22.49084527255985,63.32887726864389,13254
forecast,Every 10 minutes,cd_gamma_dglm,CD-Gamma-DGLM,False,True,,32.30559534498477,38.01602797111496,28.25267754328448,46.58625179029325,13254
forecast,Every 10 minutes,ossa,OSSA,False,True,,34.84640855958899,42.68863744088476,29.502479931925023,53.67600553979471,13254
forecast,Every 10 minutes,pinode,Physiology-informed neural ODE,False,True,,30.82320867623523,35.86211109524994,23.867113850206987,55.33335303934635,13254
forecast,Every 10 minutes,gast,Gap-aware state-space transformer (our design),False,True,,29.882497693762048,36.1997062132309,23.22321947242221,53.34679406137724,13254
forecast,Every 10 minutes,timesfm3,TimesFM 3,False,True,,31.73480868048126,38.68074149147928,26.30999116923448,50.84942164502453,13254
daily,Daily,last_value,Last reading (reference),False,True,,19.54874213836478,25.290342328532045,19.068181818181817,34.35,318
daily,Daily,patient_median,Patient's median (reference),True,True,,19.16430817610063,24.562000391001284,18.1387987012987,50.75,318
daily,Daily,xgboost,XGBoost,False,True,,18.110972739881245,23.003440591387317,17.14922497291781,47.73280396235496,318
daily,Daily,catboost,CatBoost,False,True,,17.967164030642184,22.74927469253197,16.96021872283552,48.98107951108742,318
daily,Daily,rnn,RNN,False,True,,20.576064339556275,26.742766614150927,19.65855958453882,48.83521079409383,318
daily,Daily,lstm,LSTM,False,True,,20.57978718845169,26.472743914281224,19.57397680871928,51.55874688421003,318
daily,Daily,hmm,Hidden Markov model,False,True,,18.373892561191767,23.397686418594105,17.288095177844028,51.81645196830228,318
daily,Daily,nlssm,Nonlinear state-space model,False,True,,18.365108149013157,23.05585071610527,17.553619161366626,43.35896896852624,318
daily,Daily,rsdpf,RS-DPF,False,True,,18.162328616906667,22.98412547300584,17.12492571111441,50.11433811530808,318
daily,Daily,pf,Particle filter and smoother,False,True,,18.925222585886583,24.27661577851012,17.92094458426998,49.85698503567804,318
daily,Daily,gru_ode_bayes,GRU-ODE-Bayes,False,True,,17.694607316698754,22.5154574393498,16.654424745050147,49.73223052347572,318
daily,Daily,cd_gamma_dglm,CD-Gamma-DGLM,False,True,,18.45064593012947,22.931661099942183,17.447946827973325,49.33377827653881,318
daily,Daily,ossa,OSSA,False,True,,26.29211818448606,32.873384103541824,25.799971153481565,41.450246739424514,318
daily,Daily,pinode,Physiology-informed neural ODE,False,True,,18.263322511472158,23.38648246606224,17.20974768455614,50.71342718048528,318
daily,Daily,gast,Gap-aware state-space transformer (our design),False,True,,19.92832416250969,25.435600889381835,19.03629488341432,47.402825958646886,318
daily,Daily,timesfm3,TimesFM 3,False,True,,17.947462357814956,23.201935350578506,17.026653203097258,46.30838432312012,318
