task,test,model,name,default,tuned,change,reference
impute,Random test,xgboost,XGBoost,26.302645633534077,26.260154531738543,-0.04249110179553384,27.086771506645857
impute,Random test,catboost,CatBoost,26.378359598248515,26.37498188203521,-0.0033777162133041827,27.086771506645857
impute,Random test,rnn,RNN,26.32043745782649,25.587929958785686,-0.7325074990408034,27.086771506645857
impute,Random test,lstm,LSTM,26.42845305948063,25.51482764463889,-0.9136254148417429,27.086771506645857
impute,Random test,hmm,Hidden Markov model,32.20357099251976,27.330709632957383,-4.872861359562375,27.086771506645857
impute,Random test,nlssm,Nonlinear state-space model,26.96486584634842,26.34488112753877,-0.6199847188096506,27.086771506645857
impute,Random test,rsdpf,RS-DPF,28.27121067166849,28.200321037384207,-0.07088963428428485,27.086771506645857
impute,Random test,pf,Particle filter and smoother,27.99115800840893,27.75121704088344,-0.23994096752549154,27.086771506645857
impute,Random test,gru_ode_bayes,GRU-ODE-Bayes,28.34839641137165,27.609783727648697,-0.7386126837229519,27.086771506645857
impute,Random test,cd_gamma_dglm,CD-Gamma-DGLM,29.01441224706874,28.009024790445288,-1.0053874566234526,27.086771506645857
impute,Random test,ossa,OSSA,29.04896178996059,27.77513504386228,-1.2738267460983081,27.086771506645857
impute,Random test,pinode,Physiology-informed neural ODE,28.15683826597104,28.22208853193263,0.06525026596159123,27.086771506645857
impute,Random test,gast,Gap-aware state-space transformer (our design),26.32658415019633,25.503336671781693,-0.8232474784146362,27.086771506645857
impute,Random test,timesfm3,TimesFM 3,26.473495485403028,26.473495485403028,0.0,27.086771506645857
impute,Block test,xgboost,XGBoost,28.865138690360595,28.75980588095353,-0.10533280940706646,30.93988358899202
impute,Block test,catboost,CatBoost,28.85317264085648,28.86819402834436,0.015021387487877291,30.93988358899202
impute,Block test,rnn,RNN,28.00382517518033,27.240265369620055,-0.763559805560277,30.93988358899202
impute,Block test,lstm,LSTM,27.695605889823543,26.803798022997885,-0.8918078668256584,30.93988358899202
impute,Block test,hmm,Hidden Markov model,32.4489632967315,30.21624587843336,-2.23271741829814,30.93988358899202
impute,Block test,nlssm,Nonlinear state-space model,29.454129657083268,29.33432278050884,-0.11980687657442957,30.93988358899202
impute,Block test,rsdpf,RS-DPF,30.446544262445656,30.368437214567383,-0.07810704787827305,30.93988358899202
impute,Block test,pf,Particle filter and smoother,30.62134049223675,30.55944618144256,-0.06189431079419094,30.93988358899202
impute,Block test,gru_ode_bayes,GRU-ODE-Bayes,30.03592438228418,29.23098705058262,-0.8049373317015593,30.93988358899202
impute,Block test,cd_gamma_dglm,CD-Gamma-DGLM,30.54585921663553,30.221665536830823,-0.3241936798047078,30.93988358899202
impute,Block test,ossa,OSSA,30.638001177347164,29.667229266536594,-0.9707719108105692,30.93988358899202
impute,Block test,pinode,Physiology-informed neural ODE,30.21082812000901,30.148256814140915,-0.06257130586809367,30.93988358899202
impute,Block test,gast,Gap-aware state-space transformer (our design),27.9469611429133,27.51859484582221,-0.4283662970910882,30.93988358899202
impute,Block test,timesfm3,TimesFM 3,29.70125018174355,29.70125018174355,0.0,30.93988358899202
forecast,Every 10 minutes,xgboost,XGBoost,30.285206790610392,30.216684202761364,-0.06852258784902787,31.521917911573865
forecast,Every 10 minutes,catboost,CatBoost,30.375892932325907,30.389812601911306,0.013919669585398253,31.521917911573865
forecast,Every 10 minutes,rnn,RNN,30.721973161993574,30.58910520203457,-0.1328679599590039,31.521917911573865
forecast,Every 10 minutes,lstm,LSTM,30.542874424873503,30.61997962611705,0.07710520124354758,31.521917911573865
forecast,Every 10 minutes,hmm,Hidden Markov model,31.93730767575855,31.702300466472952,-0.23500720928559815,31.521917911573865
forecast,Every 10 minutes,nlssm,Nonlinear state-space model,32.806793792946564,32.198497068006745,-0.6082967249398195,31.521917911573865
forecast,Every 10 minutes,rsdpf,RS-DPF,30.92461312505225,30.983903545661377,0.059290420609126926,31.521917911573865
forecast,Every 10 minutes,pf,Particle filter and smoother,31.237513672559803,31.336365514524672,0.09885184196486918,31.521917911573865
forecast,Every 10 minutes,gru_ode_bayes,GRU-ODE-Bayes,31.51871865029685,32.276132008835575,0.7574133585387237,31.521917911573865
forecast,Every 10 minutes,cd_gamma_dglm,CD-Gamma-DGLM,32.30559534498477,31.29911050385174,-1.0064848411330338,31.521917911573865
forecast,Every 10 minutes,ossa,OSSA,34.84640855958899,34.40479230937971,-0.44161625020927886,31.521917911573865
forecast,Every 10 minutes,pinode,Physiology-informed neural ODE,30.82320867623523,30.898392175317458,0.07518349908222888,31.521917911573865
forecast,Every 10 minutes,gast,Gap-aware state-space transformer (our design),29.882497693762048,30.149755388204557,0.2672576944425096,31.521917911573865
forecast,Every 10 minutes,timesfm3,TimesFM 3,31.73480868048126,30.121652696545315,-1.6131559839359468,31.521917911573865
daily,Daily,xgboost,XGBoost,18.110972739881245,17.82897791637343,-0.2819948235078158,19.16430817610063
daily,Daily,catboost,CatBoost,17.967164030642184,17.84224040468033,-0.12492362596185558,19.16430817610063
daily,Daily,rnn,RNN,20.576064339556275,19.39045962029421,-1.1856047192620665,19.16430817610063
daily,Daily,lstm,LSTM,20.57978718845169,21.09918418008228,0.5193969916305896,19.16430817610063
daily,Daily,hmm,Hidden Markov model,18.373892561191767,18.40341669701079,0.02952413581902391,19.16430817610063
daily,Daily,nlssm,Nonlinear state-space model,18.365108149013157,17.872057627505477,-0.4930505215076799,19.16430817610063
daily,Daily,rsdpf,RS-DPF,18.162328616906667,18.140620341526557,-0.02170827538011011,19.16430817610063
daily,Daily,pf,Particle filter and smoother,18.925222585886583,18.953424902032005,0.028202316145421236,19.16430817610063
daily,Daily,gru_ode_bayes,GRU-ODE-Bayes,17.694607316698754,18.192210808080443,0.4976034913816889,19.16430817610063
daily,Daily,cd_gamma_dglm,CD-Gamma-DGLM,18.45064593012947,18.53875712278482,0.08811119265535083,19.16430817610063
daily,Daily,ossa,OSSA,26.29211818448606,19.35153998806453,-6.94057819642153,19.16430817610063
daily,Daily,pinode,Physiology-informed neural ODE,18.263322511472158,18.230269864788998,-0.03305264668315999,19.16430817610063
daily,Daily,gast,Gap-aware state-space transformer (our design),19.92832416250969,18.33953048494731,-1.5887936775623785,19.16430817610063
daily,Daily,timesfm3,TimesFM 3,17.947462357814956,18.001133061055118,0.053670703240161544,19.16430817610063
