patient,deep,light,diff
c009,50.535714285714285,80.0,-29.464285714285715
c011,31.666666666666668,56.75,-25.083333333333332
c026,33.25,57.0,-23.75
c007,37.25,39.5,-2.25
c028,39.0,41.0,-2.0
c013,36.45,38.333333333333336,-1.8833333333333329
c004,51.666666666666664,53.25,-1.5833333333333357
c012,38.66666666666667,40.25,-1.5833333333333286
c005,32.5,33.75,-1.25
c008,34.8,35.2,-0.4000000000000057
c025,34.875,35.25,-0.375
c006,50.333333333333336,50.5,-0.1666666666666643
c027,91.75,91.7,0.04999999999999716
c014,26.666666666666668,26.375,0.29166666666666785
c003,66.29166666666666,65.75,0.5416666666666572
c016,33.0,31.583333333333336,1.4166666666666643
c024,33.91666666666667,32.1,1.81666666666667
c021,33.233333333333334,31.125,2.1083333333333343
c030,56.233333333333334,52.16666666666667,4.066666666666663
c010,36.5,31.625,4.875
c018,86.5,77.66666666666667,8.833333333333329
c020,99.5,89.96428571428572,9.535714285714278
c023,78.125,68.23611111111111,9.888888888888886
c001,90.66666666666666,67.65,23.01666666666665
c017,100.97916666666666,48.0,52.97916666666666
